Genes	baseMean	log2FoldChange	lfcSE	stat	pvalue	padj
gbgene898	50245.1969128214	3.18275992127849	0.374759753907091	8.49296897129639	2.01424089880927e-17	2.63623848836157e-13
gbgene18399	4715.59697275168	5.45485254342086	0.658315049311855	8.31135341690839	9.46166725609318e-17	1.23834301047748e-12
gbgene7672	57571.7366124282	-4.45184190997117	0.944482997496356	-7.39172150446807	1.44939858981717e-13	1.89697287435272e-09
gbgene2487	98.9670633142126	-1.037944846473	0.854426877024591	-7.23864656816721	4.53184286730744e-13	5.93127594473197e-09
gbgene15915	36590.6891564501	-4.41881031436448	0.944946460207646	-7.18695788897436	6.62508327618342e-13	8.67090899186887e-09
gbgene12445	113.109140929474	5.68053353703184	0.751167435929255	7.14650515577905	8.90150478034725e-13	1.16502894565185e-08
gbgene7693	9930.18866504308	-4.07973482961323	0.953212833176991	-7.12424697712552	1.04651244120568e-12	1.36967548305e-08
gbgene5076	22887.5020773859	-4.30913338209868	0.947609408577577	-7.08304785907719	1.41017946094468e-12	1.8456428784844e-08
gbgene6642	1715.38392130346	-5.38382471364449	0.774016262230391	-7.0490719692955	1.8011498119238e-12	2.35734487384587e-08
gbgene11933	577.794238259101	3.28551091087608	0.466353321835443	7.04150754023372	1.90170922494037e-12	2.48895703360195e-08
gbgene9359	3488.3107711947	-4.21865882936744	0.94986407235254	-6.91352924625315	4.72742158476528e-12	6.1872493701408e-08
gbgene14984	9604.30924322949	3.83754736947264	0.555337900569569	6.91345118830843	4.73002481334445e-12	6.19065647570521e-08
gbgene15509	4531.43980328606	-3.82330684908519	0.958380040468845	-6.8702884073652	6.40722342149465e-12	8.3857740140522e-08
gbgene8521	171514.135264443	-4.35884807944722	0.945287153604113	-6.74040285467488	1.57948079541181e-11	2.06722446503498e-07
gbgene8756	625.023215810964	2.93382173311342	0.439613394223145	6.67104457716643	2.53989051889183e-11	3.32420871112563e-07
gbgene15500	9757.08763389127	-4.1896380433218	0.949637504352637	-6.61310402190457	3.76343797858895e-11	4.92558762637722e-07
gbgene17373	988.413124057892	3.09485499744328	0.468486780289702	6.60470628481159	3.98306234994468e-11	5.21303200360759e-07
gbgene15499	2485.66835885616	-4.35294414763747	0.94538139065341	-6.56777189670226	5.10736975589445e-11	6.68452553651465e-07
gbgene11357	25993.4001881401	-4.57487865411485	0.937486152576933	-6.566550014459	5.14943569117307e-11	6.73958143260731e-07
gbgene12463	2793.52349293729	-3.94830637541172	0.601690986580354	-6.56644231528429	5.15315968011982e-11	6.74445538934082e-07
gbgene15504	2678.7065454613	-4.22301687606804	0.948807471519226	-6.52934755980857	6.60568040704404e-11	8.64551451673924e-07
gbgene5757	4799.00312746997	-4.20886015935002	0.948792449805555	-6.47620079809014	9.40608565830164e-11	1.23106849095852e-06
gbgene15147	1195.58991897036	-5.22788091455306	0.834816480420856	-6.46229194117561	1.03128888725174e-10	1.34975089563507e-06
gbgene1080	4544.35401282374	3.43014127980078	0.531754003357345	6.45199534810853	1.10386968441752e-10	1.44474464296564e-06
gbgene9384	31841.4483900588	-4.20513691542158	0.948547180380833	-6.4363165405695	1.22407625569808e-10	1.60207100345765e-06
gbgene17286	9275.08053488834	-4.31607525730451	0.945310584690216	-6.41848449436745	1.37637622972377e-10	1.80140120946247e-06
gbgene7683	11488.4300506305	-4.68673539645646	0.931440841359586	-6.40809509579549	1.47348998006741e-10	1.92850368591223e-06
gbgene9382	2749.07602693586	-3.85230245931133	0.957323952738901	-6.40219283921317	1.53161044291128e-10	2.00457174768228e-06
gbgene16793	1293.94658519935	-5.22291642853362	0.875788208719579	-6.36504529896628	1.95232108280741e-10	2.55519783317834e-06
gbgene15534	2424.17782811327	-3.72819287717359	0.959724169342554	-6.3230694773894	2.56417937346969e-10	3.35599796399713e-06
gbgene17833	39734.8034248527	-4.19895280882022	0.948243013407887	-6.32079425465191	2.60222304220056e-10	3.4057895176321e-06
gbgene13284	119968.8924192	-4.22159171222972	0.947522323633039	-6.3125176535968	2.74532133659572e-10	3.59307656533648e-06
gbgene8288	3174.0277726001	2.84057164096348	0.451207187517154	6.29555114827512	3.06309534237972e-10	4.00897918410658e-06
gbgene5761	4995.89374793627	-3.90750332803148	0.955792488027389	-6.29461580894738	3.08162137822842e-10	4.03322605982535e-06
gbgene7681	13332.0874457599	-3.14693830862232	0.96737282290769	-6.23674154202565	4.4677924092422e-10	5.84744670521619e-06
gbgene18912	98627.3561671172	-4.88501001739405	0.91499535076574	-6.23098506160504	4.63511309898053e-10	6.06643602394572e-06
gbgene19283	4220.45200805232	3.7382067264791	0.604096381747217	6.19285344986196	5.90846606361887e-10	7.73300038406437e-06
gbgene15749	29425.4337340135	-4.63680144870826	0.930048106197058	-6.17377547652639	6.66782132053383e-10	8.72684454431468e-06
gbgene1837	31528.8638141986	-4.8113423650659	0.791961050626086	-6.17366021178087	6.67268667671883e-10	8.73321232248961e-06
gbgene7689	1179.48348089001	4.45988177164742	0.726758586418415	6.16484981798553	7.05500663846316e-10	9.23359268842059e-06
gbgene14858	18717.9117518544	-4.218305186055	0.946798874061112	-6.15012020356113	7.74242459527917e-10	1.01332853103014e-05
gbgene7125	185701.914354944	-4.0227707408618	0.952410732233955	-6.14516093516938	7.98824795417843e-10	1.04550189224287e-05
gbgene11967	2659.73190106027	-5.04530720246753	0.875716833474217	-6.14185403715439	8.15637918278184e-10	1.06750690744249e-05
gbgene15506	1878.30193492481	-4.45047396502969	0.938793287921747	-6.10712990079452	1.01438677860549e-09	1.32762941583887e-05
gbgene11360	40568.961247838	-4.37472293562128	0.940705760163849	-6.08334599643723	1.17699969750515e-09	1.54045720409474e-05
gbgene10081	1742.01712208312	-3.74893584499951	0.618066607732829	-6.07013850820277	1.27799978181397e-09	1.67264611443812e-05
gbgene9996	9553.31848820388	2.28906603812778	0.379460821348796	6.03242862699151	1.61513686286405e-09	2.11389112611647e-05
gbgene2941	63162.313282269	-4.32459109582473	0.941734759018913	-5.99309641616871	2.05882701561695e-09	2.69459279803946e-05
gbgene15166	96.4039201725549	-2.63553686549448	0.441493324288086	-5.95564787447586	2.59043547924014e-09	3.39036195522949e-05
gbgene15505	2824.71998914404	-3.83996522903219	0.956571586424253	-5.94872050738279	2.70246638912642e-09	3.53698801008866e-05
gbgene16792	396.955063236124	-4.78952905461458	0.922122497301105	-5.93594318454737	2.92160970727337e-09	3.82380278487938e-05
gbgene4699	34433.1541487789	-4.18360077537152	0.946275537748826	-5.91568819374636	3.30490780706674e-09	4.32546333788894e-05
gbgene312	23633.8820548739	4.11341565255192	0.697959774201407	5.91420585971238	3.33480594873657e-09	4.36459402570642e-05
gbgene7690	10522.5836109393	-3.7302107392085	0.95864051813335	-5.85806083114393	4.6830312631157e-09	6.12915131716583e-05
gbgene11488	1456.2947680305	-4.23899137495747	0.944072346027538	-5.82016632163939	5.87890971637151e-09	7.69431703678703e-05
gbgene19926	2432.13753625042	-3.46709634869591	0.963552092783544	-5.81730643706595	5.98034494170416e-09	7.8270754597024e-05
gbgene16058	1106.56613239433	-4.5972475487648	0.806656527873253	-5.78664936593974	7.18042404818408e-09	9.39773899426332e-05
gbgene6061	3023.14912105891	-4.37220926790891	0.936637533667339	-5.75872948374215	8.47493927861255e-09	0.000110920005278481
gbgene17382	6746.57002100841	-4.75194890986596	0.893314794419011	-5.75772368611032	8.52557564534765e-09	0.00011158273404631
gbgene7151	19.4352996666982	-3.48481427321021	0.586705286594257	-5.73289180261448	9.87326204086303e-09	0.000129221253590815
gbgene2781	99.1237898138534	4.13022583230098	0.720823909151185	5.68827546059626	1.28328703705202e-08	0.000167956607409368
gbgene7679	878.292076757758	-4.23375444872394	0.942371274821354	-5.62695459879928	1.83418978110966e-08	0.000240058758551632
gbgene14859	20037.6581542434	-4.13702262158762	0.945097470310227	-5.62134041006875	1.89481488954886e-08	0.000247993372744155
gbgene2001	6807.29899489881	-4.40934725603619	0.930377607209993	-5.61379294456595	1.9793905092919e-08	0.000259062629856124
gbgene7675	33628.5173307454	-3.81140169540644	0.955777150892236	-5.60946058817324	2.0295820925931e-08	0.000265631704278585
gbgene7682	695.72802895626	-3.44008400152817	0.964024057964206	-5.58882590232786	2.28610005074572e-08	0.0002992047746416
gbgene15700	1435.24222042501	-4.58034465265674	0.85748997376148	-5.53108435037584	3.18257228888099e-08	0.000416535061168744
gbgene5758	2831.65871655483	-3.99882288787339	0.949538996912482	-5.51104936876592	3.56700647810854e-08	0.000466849807854845
gbgene13820	3880.97482028006	-4.3410133471846	0.931280142116532	-5.48827386298832	4.05880450347706e-08	0.000531216333415077
gbgene9598	445.147281383253	2.40277186344089	0.438258328803498	5.48114107474124	4.2259133285272e-08	0.00055308753643764
gbgene7691	1257.17863472788	-3.02128401920503	0.968034057860014	-5.47606739658412	4.34882111322426e-08	0.000569173707298791
gbgene15836	1020.61278605065	-4.40091350122243	0.926127681709748	-5.45219062068556	4.9753081610663e-08	0.000651168332120357
gbgene7120	11434.3089864572	-4.23257443066538	0.937343906964677	-5.45103754703124	5.00767951981283e-08	0.000655405095553104
gbgene15698	2102.07494542336	-4.41324811045197	0.826244352817074	-5.45030623283644	5.0283161138352e-08	0.000658106012978751
gbgene13460	6952.73103609132	-4.42736886263403	0.917926148766879	-5.41127975268435	6.25759248127753e-08	0.000818993703949603
gbgene14860	21008.601707095	-3.67697636820599	0.958293802152973	-5.40551891042591	6.46210321891743e-08	0.000845760069291913
gbgene5882	205.505238050326	4.31258736278723	0.810061317798263	5.36268585320887	8.1993534096674e-08	0.00107313137425727
gbgene5396	16.105861373747	2.60080114666535	0.482876358131323	5.30068461888767	1.1536923456962e-07	0.00150995254204719
gbgene5691	1008.44178272867	-4.21309111582191	0.934932280666233	-5.28893592512826	1.23029976549518e-07	0.00161021633308009
gbgene7680	1173.780963874	-3.66968832343939	0.957817760649352	-5.21708440768861	1.81761444469957e-07	0.0023788937852228
gbgene1300	440.610161482865	-3.74489745076695	0.956057051029668	-5.17232138074033	2.31203476824116e-07	0.00302599110467403
gbgene2760	25.1581716770221	-4.70237394762268	0.914215232958739	-5.16113203880524	2.45460968646475e-07	0.00321259315764507
gbgene6727	1449.33637570322	-3.98459791111237	0.944893580250906	-5.14235358307405	2.71317873575564e-07	0.00355100832935699
gbgene4711	7070.60798573771	-4.01443467701031	0.942188227240767	-5.12248447759511	3.01535925730651e-07	0.00394650219596276
gbgene2067	915.678754494827	-4.00210584337453	0.943737979757946	-5.12102454462484	3.03880086211799e-07	0.00397718256834003
gbgene9480	1457.18792941672	-3.96997781821185	0.945179836015965	-5.11895248837914	3.07237342236592e-07	0.00402112233519251
gbgene4712	785.915686713268	-4.08687356930552	0.937467117871291	-5.08878912647311	3.60357049369454e-07	0.00471635306214741
gbgene2840	440.973625660176	-4.29717028131828	0.905933569946595	-5.08142430763488	3.74615284945386e-07	0.00490296484936522
gbgene4691	290.763863045396	-4.08199442682817	0.940147776334343	-5.06139905300188	4.16191081477223e-07	0.0054471088743739
gbgene11592	1300.42561097184	2.31602309746157	0.461751235625325	5.01552369493645	5.28892056225181e-07	0.00692213923187517
gbgene11962	11638.0330684713	-4.1973144647465	0.91430981879648	-5.01442605683783	5.31920032811018e-07	0.0069617693894306
gbgene14914	36.3208027850273	2.96859143865777	0.589444829621147	4.9967139399141	5.8315473610232e-07	0.00763232918610716
gbgene6556	276.711535354305	-3.9721840360153	0.801972993232067	-4.99197331222163	5.9765514791209e-07	0.00782211057587344
gbgene883	135.664167005473	3.08556028878085	0.618012468112822	4.98254948575614	6.2751935341275e-07	0.00821297329746608
gbgene10127	71.0704236906563	-3.75261316407618	0.752447410065832	-4.95933826433951	7.07337088998651e-07	0.00925762782081435
gbgene13992	15832.3698906476	-4.09001364305755	0.926827304673175	-4.94542638233809	7.59773796556539e-07	0.00994391944933198
